{"Experiment": 14, "L0": 1.73, "Strain Rate Exp": 0.000139, "Grain Size": "Standard", "Temperature Exp": 264, "Pressure Exp": NaN, "Temperature": [263.935, 263.9299, 263.9275, 263.92, 263.916, 263.9101, 263.9072, 263.9007, 263.9001, 263.8992, 263.896, 263.8973, 263.8993, 263.8968, 263.8938, 263.8916, 263.8934, 263.8906, 263.8947, 263.8914, 263.8899, 263.8829, 263.8828, 263.8807, 263.8793, 263.8797, 263.8795, 263.8796, 263.8751, 263.8769, 263.8742, 263.8722, 263.8724, 263.871, 263.8714, 263.8714, 263.8724, 263.8701, 263.8688, 263.8702, 263.8704, 263.8672, 263.871, 263.8685, 263.8666, 263.8696, 263.8717, 263.8737, 263.8766, 263.8829, 263.8851, 263.888, 263.8929, 263.8941, 263.8968, 263.8984, 263.8992, 263.9001, 263.896, 263.8989, 263.8973, 263.8999, 263.8996, 263.9006, 263.8986, 263.8945, 263.8929, 263.8859, 263.8868, 263.8818, 263.8812, 263.88, 263.8745, 263.8782, 263.8753, 263.8756, 263.8785, 263.8741, 263.8754, 263.8788, 263.8762, 263.8795, 263.8793, 263.8788, 263.8788, 263.8794, 263.8832, 263.8837, 263.8813, 263.8832, 263.8783, 263.8754, 263.8796, 263.8728, 263.8739, 263.8738, 263.8735, 263.8778, 263.8761, 263.8849, 263.8893, 263.8894, 263.897, 263.8999, 263.8996, 263.908, 263.9066, 263.9029, 263.8994, 263.895, 263.8895], "Internal Load": [0.003189, 0.00322, 0.003215, 0.006743, 0.01808, 0.027074, 0.030548, 0.033329, 0.035796, 0.037732, 0.03901, 0.039839, 0.040192, 0.040181, 0.040057, 0.039883, 0.039433, 0.03886, 0.03821, 0.037587, 0.036983, 0.03646, 0.035953, 0.035655, 0.03539, 0.035125, 0.03477, 0.034458, 0.034226, 0.03403, 0.033744, 0.033465, 0.033212, 0.032998, 0.032912, 0.032697, 0.032398, 0.032176, 0.032084, 0.032009, 0.031835, 0.031614, 0.031494, 0.031365, 0.031273, 0.031129, 0.031, 0.030862, 0.0308, 0.030651, 0.030397, 0.03029, 0.03025, 0.030158, 0.030091, 0.030006, 0.029887, 0.029641, 0.02939, 0.029342, 0.029316, 0.029413, 0.029498, 0.029528, 0.029305, 0.029211, 0.029173, 0.02918, 0.029144, 0.029142, 0.029119, 0.029047, 0.029028, 0.029014, 0.028906, 0.028841, 0.028793, 0.028862, 0.028858, 0.0288, 0.028691, 0.028675, 0.028671, 0.028538, 0.028458, 0.028446, 0.028454, 0.028426, 0.028463, 0.028328, 0.028391, 0.028484, 0.028563, 0.028538, 0.028551, 0.028603, 0.02859, 0.028663, 0.028623, 0.028616, 0.028642, 0.028717, 0.028665, 0.028623, 0.02864, 0.028662, 0.028776, 0.028733, 0.028667, 0.028703, 0.02874], "Displacement": [39254, 39268, 39282, 39296, 39310, 39324, 39338, 39352, 39366, 39380, 39394, 39408, 39422, 39436, 39450, 39464, 39478, 39492, 39506, 39520, 39534, 39548, 39562, 39576, 39590, 39604, 39618, 39632, 39646, 39660, 39674, 39688, 39702, 39716, 39730, 39744, 39758, 39772, 39786, 39800, 39814, 39828, 39842, 39856, 39870, 39884, 39898, 39912, 39926, 39940, 39954, 39968, 39982, 39996, 40010, 40024, 40038, 40051, 40065, 40079, 40093, 40107, 40121, 40135, 40149, 40163, 40177, 40191, 40205, 40219, 40233, 40247, 40260, 40274, 40288, 40302, 40316, 40330, 40344, 40358, 40372, 40386, 40400, 40414, 40428, 40442, 40456, 40469, 40483, 40497, 40511, 40525, 40539, 40553, 40567, 40581, 40595, 40609, 40623, 40637, 40651, 40664, 40678, 40692, 40706, 40720, 40734, 40748, 40762, 40776, 40790], "Seconds": [39254, 39268, 39282, 39296, 39310, 39324, 39338, 39352, 39366, 39380, 39394, 39408, 39422, 39436, 39450, 39464, 39478, 39492, 39506, 39520, 39534, 39548, 39562, 39576, 39590, 39604, 39618, 39632, 39646, 39660, 39674, 39688, 39702, 39716, 39730, 39744, 39758, 39772, 39786, 39800, 39814, 39828, 39842, 39856, 39870, 39884, 39898, 39912, 39926, 39940, 39954, 39968, 39982, 39996, 40010, 40024, 40038, 40051, 40065, 40079, 40093, 40107, 40121, 40135, 40149, 40163, 40177, 40191, 40205, 40219, 40233, 40247, 40260, 40274, 40288, 40302, 40316, 40330, 40344, 40358, 40372, 40386, 40400, 40414, 40428, 40442, 40456, 40469, 40483, 40497, 40511, 40525, 40539, 40553, 40567, 40581, 40595, 40609, 40623, 40637, 40651, 40664, 40678, 40692, 40706, 40720, 40734, 40748, 40762, 40776, 40790], "Stress": [0.0, 0.006580865448534201, 0.0055102781439666515, 0.7517010587584583, 3.1430761703424714, 5.030115908983273, 5.750298707117144, 6.317751166842013, 6.819607121086566, 7.208752369800995, 7.456885890702587, 7.6141357684442275, 7.671685328337876, 7.651233570570863, 7.608360793253535, 7.554124896615296, 7.443950903523456, 7.311018249678946, 7.162770585632135, 7.0202883255972, 6.882031577487917, 6.76090320875102, 6.641791891252833, 6.56533056239394, 6.497831720645338, 6.430578652967999, 6.344350011609605, 6.26631989022781, 6.206303958487421, 6.1520924919521445, 6.08229100175413, 6.014797620672459, 5.9494665764195975, 5.894819159657122, 5.863925388545231, 5.808691279067375, 5.736279412451614, 5.680685688720056, 5.650543793947989, 5.624088479580704, 5.575557629238336, 5.519270178159008, 5.483848312396059, 5.445759143110537, 5.416385264613183, 5.3761406890367915, 5.340314443993904, 5.300952717106288, 5.277244313956816, 5.235958123214997, 5.175289940161811, 5.143222821141372, 5.12369609951973, 5.0949003404561175, 5.069832088280157, 5.04022494409295, 5.007508830960862, 4.94856571078086, 4.890311544598283, 4.869524264311924, 4.854456932550502, 4.861508072184871, 4.864622786039972, 4.860113183140653, 4.80778739643491, 4.779748439223849, 4.761183743118906, 4.751550558532044, 4.7337709281509195, 4.721460496377312, 4.706649446340222, 4.68313465907538, 4.668366180451769, 4.656492839936979, 4.626431660402258, 4.601938607271695, 4.582499161475095, 4.583915808205822, 4.572257095933903, 4.550247243719108, 4.52087185190136, 4.5077264938779384, 4.496099452730691, 4.461797324464735, 4.438607457873595, 4.426120931294488, 4.416426882287691, 4.402199592978799, 4.398383055591629, 4.363472986918747, 4.366204224625669, 4.370572230991294, 4.372719479099258, 4.3592800961939675, 4.351399093914092, 4.348291170576298, 4.3360562375357485, 4.339321634625751, 4.321724164172634, 4.3113621210963124, 4.304653230282195, 4.30658907537372, 4.287497774133054, 4.27003959450347, 4.263094494738271, 4.256890288671338, 4.265256581224225, 4.246358689154901, 4.225638145323167, 4.220805220601878, 4.216475143076755],