{"Experiment": 20, "L0": 1.98, "Strain Rate Exp": 8.08e-05, "Grain Size": "Coarse", "Temperature Exp": 264, "Pressure Exp": NaN, "Temperature": [263.9006, 263.9009, 263.9035, 263.9025, 263.8983, 263.8983, 263.8961, 263.8918, 263.8905, 263.8855, 263.8823, 263.8764, 263.8735, 263.8686, 263.862, 263.8587, 263.8574, 263.8536, 263.8541, 263.8519, 263.8529, 263.8492, 263.8487, 263.8473, 263.8463, 263.8464, 263.8434, 263.8419, 263.8367, 263.8337, 263.8321, 263.8264, 263.8237, 263.8202, 263.816, 263.8142, 263.8093, 263.8087, 263.8074, 263.807, 263.8059, 263.8055, 263.8082, 263.8071, 263.8102, 263.8122, 263.814, 263.8183, 263.8199, 263.8222, 263.8213, 263.8249, 263.8262, 263.8266, 263.8288, 263.8272, 263.8318, 263.8331, 263.8341, 263.8338, 263.8321, 263.8332, 263.8321, 263.8315, 263.8285, 263.8256, 263.8256, 263.822, 263.824, 263.822, 263.8243, 263.825, 263.8292, 263.8289, 263.8312, 263.8321, 263.8354, 263.836, 263.8387, 263.8383, 263.8406, 263.8396, 263.8425, 263.8415, 263.8406, 263.8444, 263.8425, 263.8451, 263.8451, 263.8434, 263.8454, 263.846, 263.8464, 263.8467, 263.8477, 263.8503, 263.8499, 263.8519, 263.8518, 263.8534, 263.8583, 263.8567, 263.8606, 263.8584, 263.8623, 263.862, 263.8653, 263.866, 263.8644, 263.8684, 263.8694, 263.8685, 263.8733, 263.8728, 263.8779, 263.8789, 263.8838, 263.8819, 263.8808, 263.8845, 263.8821, 263.885, 263.885, 263.8853, 263.8856, 263.8856, 263.8849, 263.885, 263.8826, 263.886, 263.8771, 263.8804, 263.8726, 263.8667, 263.8648, 263.8586, 263.854, 263.8537, 263.851, 263.8499, 263.8496, 263.8531, 263.8524, 263.8522, 263.8546, 263.8522, 263.8524, 263.8525, 263.8515, 263.849, 263.8505, 263.8463, 263.8452, 263.8431, 263.8424, 263.844, 263.841, 263.8435, 263.8384, 263.8393, 263.8427, 263.8383, 263.8388, 263.8405, 263.8389, 263.8421, 263.8385, 263.8415, 263.8394, 263.8393, 263.8425, 263.8404, 263.8358, 263.8399, 263.8375, 263.8359, 263.8351, 263.8349, 263.8345], "Internal Load": [0.008464, 0.008428, 0.008467, 0.008493, 0.008404, 0.008465, 0.008411, 0.008455, 0.009708, 0.0143, 0.019497, 0.026177, 0.03165, 0.033311, 0.037761, 0.040711, 0.042864, 0.044611, 0.045874, 0.04673, 0.047249, 0.047368, 0.047239, 0.046887, 0.046417, 0.045737, 0.045019, 0.044359, 0.04365, 0.042961, 0.042194, 0.041546, 0.04091, 0.040411, 0.039911, 0.039417, 0.038956, 0.038489, 0.038015, 0.037609, 0.037263, 0.036956, 0.036646, 0.036325, 0.036021, 0.035739, 0.035461, 0.035219, 0.034994, 0.03482, 0.034601, 0.034371, 0.03416, 0.033969, 0.033782, 0.03369, 0.033567, 0.033413, 0.033287, 0.033103, 0.03294, 0.032843, 0.032763, 0.032648, 0.032613, 0.032465, 0.032372, 0.032228, 0.032183, 0.032092, 0.032067, 0.031976, 0.03192, 0.031777, 0.031696, 0.031658, 0.031626, 0.031611, 0.031559, 0.031491, 0.031397, 0.031338, 0.031284, 0.031307, 0.031239, 0.03129, 0.031234, 0.031179, 0.031088, 0.031078, 0.031046, 0.031022, 0.031053, 0.03101, 0.030972, 0.030986, 0.03089, 0.030918, 0.030923, 0.030929, 0.030899, 0.030906, 0.030871, 0.030875, 0.03087, 0.030852, 0.030852, 0.030898, 0.030843, 0.030856, 0.030794, 0.030758, 0.030807, 0.030828, 0.030861, 0.03081, 0.030822, 0.030782, 0.030769, 0.030791, 0.0308, 0.030772, 0.030755, 0.03078, 0.030731, 0.03073, 0.030715, 0.030714, 0.030806, 0.030763, 0.030719, 0.030727, 0.030697, 0.030747, 0.030772, 0.030796, 0.030732, 0.030714, 0.030732, 0.030752, 0.03073, 0.030777, 0.030761, 0.030795, 0.03073, 0.030765, 0.030732, 0.030738, 0.030717, 0.030762, 0.030809, 0.030764, 0.030774, 0.030778, 0.030766, 0.03079, 0.0308, 0.030835, 0.030793, 0.030822, 0.030805, 0.030816, 0.030845, 0.030866, 0.030895, 0.03087, 0.030881, 0.03091, 0.030872, 0.030886, 0.030909, 0.030986, 0.030973, 0.03099, 0.031004, 0.030981, 0.031033, 0.031058, 0.031102], "Displacement": [47006, 47020, 47034, 47048, 47062, 47076, 47090, 47104, 47118, 47132, 47146, 47160, 47174, 47188, 47202, 47216, 47230, 47244, 47258, 47272, 47286, 47300, 47314, 47328, 47342, 47356, 47370, 47384, 47398, 47412, 47426, 47440, 47454, 47468, 47482, 47496, 47510, 47524, 47538, 47552, 47566, 47580, 47594, 47608, 47622, 47636, 47650, 47664, 47678, 47692, 47706, 47720, 47734, 47748, 47762, 47776, 47790, 47804, 47818, 47832, 47846, 47860, 47874, 47888, 47902, 47916, 47929, 47943, 47957, 47971, 47985, 47999, 48013, 48027, 48041, 48055, 48069, 48083, 48097, 48111, 48124, 48138, 48152, 48166, 48180, 48194, 48208, 48222, 48236, 48250, 48264, 48278, 48292, 48306, 48320, 48333, 48347, 48361, 48375, 48389, 48403, 48417, 48431, 48445, 48459, 48473, 48487, 48501, 48515, 48529, 48542, 48556, 48570, 48584, 48598, 48612, 48626, 48640, 48654, 48668, 48682, 48696, 48710, 48724, 48738, 48752, 48766, 48779, 48793, 48807, 48821, 48835, 48849, 48863, 48877, 48891, 48905, 48919, 48933, 48947, 48960, 48974, 48988, 49002, 49016, 49030, 49044, 49058, 49072, 49086, 49100, 49114, 49128, 49142, 49156, 49169, 49183, 49197, 49211, 49225, 49239, 49253, 49267, 49281, 49295, 49309, 49323, 49337, 49351, 49364, 49378, 49392, 49406, 49420, 49434, 49448, 49462, 49476, 49490], "Seconds": [47006, 47020, 47034, 47048, 47062, 47076, 47090, 47104, 47118, 47132, 47146, 47160, 47174, 47188, 47202, 47216, 47230, 47244, 47258, 47272, 47286, 47300, 47314, 47328, 47342, 47356, 47370, 47384, 47398, 47412, 47426, 47440, 47454, 47468, 47482, 47496, 47510, 47524, 47538, 47552, 47566, 47580, 47594, 47608, 47622, 47636, 47650, 47664, 47678, 47692, 47706, 47720, 47734, 47748, 47762, 47776, 47790, 47804, 47818, 47832, 47846, 47860, 47874, 47888, 47902, 47916, 47929, 47943, 47957, 47971, 47985, 47999, 48013, 48027, 48041, 48055, 48069, 48083, 48097, 48111, 48124, 48138, 48152, 48166, 48180, 48194, 48208, 48222, 48236, 48250, 48264, 48278, 48292, 48306, 48320, 48333, 48347, 48361, 48375, 48389, 48403, 48417, 48431, 48445, 48459, 48473, 48487, 48501, 48515, 48529, 48542, 48556, 48570, 48584, 48598, 48612, 48626, 48640, 48654, 48668, 48682, 48696, 48710, 48724, 48738, 48752, 48766, 48779, 48793, 48807, 48821, 48835, 48849, 48863, 48877, 48891, 48905, 48919, 48933, 48947, 48960, 48974, 48988, 49002, 49016, 49030, 49044, 49058, 49072, 49086, 49100, 49114, 49128, 49142, 49156, 49169, 49183, 49197, 49211, 49225, 49239, 49253, 49267, 49281, 49295, 49309, 49323, 49337, 49351, 49364, 49378, 49392, 49406, 49420, 49434, 49448, 49462, 49476, 49490],