{"Experiment": 23, "L0": 1.92, "Strain Rate Exp": 0.0003125, "Grain Size": "Coarse", "Temperature Exp": 264, "Pressure Exp": NaN, "Temperature": [263.8962, 263.8954, 263.8935, 263.8968, 263.8942, 263.8957, 263.8971, 263.8944, 263.8947, 263.8944, 263.8912, 263.8947, 263.8964, 263.8941, 263.8978, 263.8954, 263.8939, 263.8974, 263.8951, 263.8987, 263.8961, 263.9007, 263.901, 263.9017, 263.9059, 263.9072, 263.9079, 263.9111, 263.9138, 263.9138, 263.9151, 263.9184, 263.9207, 263.9211, 263.9263, 263.9288, 263.9322, 263.9335], "Internal Load": [0.022187, 0.043731, 0.065609, 0.075319, 0.076987, 0.073453, 0.069038, 0.065716, 0.063036, 0.061274, 0.059622, 0.058668, 0.057579, 0.05691, 0.056207, 0.055753, 0.055233, 0.054918, 0.054588, 0.05436, 0.054184, 0.053929, 0.05376, 0.053601, 0.053516, 0.053474, 0.053451, 0.053376, 0.053366, 0.053202, 0.053248, 0.053196, 0.05327, 0.053158, 0.053217, 0.053181, 0.05329, 0.053214], "Displacement": [46574, 46588, 46602, 46616, 46630, 46644, 46658, 46672, 46686, 46700, 46714, 46728, 46742, 46756, 46770, 46784, 46798, 46812, 46826, 46840, 46854, 46868, 46882, 46896, 46910, 46924, 46938, 46952, 46966, 46980, 46994, 47008, 47022, 47035, 47049, 47063, 47077, 47091], "Seconds": [46574, 46588, 46602, 46616, 46630, 46644, 46658, 46672, 46686, 46700, 46714, 46728, 46742, 46756, 46770, 46784, 46798, 46812, 46826, 46840, 46854, 46868, 46882, 46896, 46910, 46924, 46938, 46952, 46966, 46980, 46994, 47008, 47022, 47035, 47049, 47063, 47077, 47091], "Stress": [0.0, 4.557778157242711, 9.145085319621405, 11.136555289745896, 11.429940517592744, 10.642066459797636, 9.67499206499549, 8.946042197320844, 8.356929567586963, 7.955983951864439, 7.583087571539159, 7.3548441759064005, 7.099649889721429, 6.929376464890835, 6.7561722930569195, 6.632972650591862, 6.497562044881397, 6.40220621464865, 6.306661983797814, 6.230353606949799, 6.166069713509223, 6.086426228836573, 6.02463011607007, 5.964495695491266, 5.9187636573630815, 5.8804476471183955, 5.844510779111277, 5.800586749920569, 5.771411524309094, 5.71203311646499, 5.692546176783822, 5.653076197905703, 5.636062467148762, 5.591212392378104, 5.570508730180301, 5.534723821609525, 5.52767254171137, 5.484036928053637], "Strain": [0.0, 0.0047186310256266, 0.009206147746691002, 0.014002950621370774, 0.01891045430182706, 0.0236696172962422, 0.028884468494722707, 0.03367269482661468, 0.03824779225351432, 0.043322121091177244, 0.04814218170854511, 0.05288894350766873, 0.05789686845619124, 0.06308899272278753, 0.06794862019957314, 0.0729171166655277, 0.0779300277827147, 0.08313652313490372, 0.0880392881718601, 0.09315103564034066, 0.09803704697011384, 0.10303617582952619, 0.1079027730917896, 0.11288567945025633, 0.11787313482261337, 0.12302632041302272, 0.12842091756019589, 0.13356292641337383, 0.13828464315669375, 0.14335246978505903, 0.14825191624683245, 0.15353416221104865, 0.15893190244731867, 0.16331166727105537, 0.16892462880854947, 0.17420850325851445, 0.1789939632295384, 0.18447283177752988], "Stress Peak": 11.429940517592744, "Stress Flow": 5.632138552054631, "Strain Rate Peak": 0.0003565031304393455, "Strain Rate Flow": 0.0003658950675883441, "Regime": "DC"}