{"Experiment": 31, "L0": 2.13, "Strain Rate Exp": "3e-04", "Grain Size": " Standard", "Temperature Exp": 265, "Pressure Exp": NaN, "Temperature": [264.9108, 264.9033, 264.8955, 264.8908, 264.8816, 264.8778, 264.8711, 264.8634, 264.8576, 264.8498, 264.8468, 264.8368, 264.8328, 264.8234, 264.8191, 264.8103, 264.8073, 264.8021, 264.7972, 264.792, 264.7926, 264.7864, 264.7838, 264.7782, 264.7776, 264.7758, 264.7749, 264.7713, 264.7702, 264.767, 264.7682, 264.7684, 264.7705, 264.7702, 264.775, 264.779, 264.7838, 264.7872, 264.7867, 264.7932, 264.7915, 264.7956, 264.7944, 264.7916, 264.7908, 264.7853, 264.7836, 264.7787, 264.7731, 264.7702], "Internal Load": [0.018696, 0.018697, 0.018707, 0.018695, 0.018701, 0.018691, 0.018706, 0.018706, 0.018688, 0.018709, 0.018699, 0.018703, 0.018724, 0.018768, 0.027475, 0.04545, 0.055384, 0.060909, 0.062953, 0.06276, 0.061387, 0.05961, 0.057981, 0.056436, 0.055347, 0.054122, 0.053369, 0.052601, 0.05205, 0.051605, 0.051119, 0.050878, 0.05046, 0.050274, 0.04996, 0.049812, 0.049584, 0.049466, 0.049351, 0.049194, 0.049186, 0.049014, 0.049008, 0.048885, 0.048848, 0.048778, 0.048764, 0.048731, 0.048699, 0.048733], "Displacement": [52412, 52426, 52441, 52455, 52469, 52483, 52497, 52511, 52525, 52539, 52553, 52567, 52581, 52595, 52609, 52623, 52637, 52651, 52665, 52679, 52693, 52707, 52721, 52735, 52749, 52763, 52777, 52790, 52804, 52818, 52832, 52846, 52860, 52874, 52888, 52902, 52916, 52930, 52944, 52958, 52972, 52985, 52999, 53013, 53027, 53041, 53055, 53069, 53083, 53097], "Seconds": [52412, 52426, 52441, 52455, 52469, 52483, 52497, 52511, 52525, 52539, 52553, 52567, 52581, 52595, 52609, 52623, 52637, 52651, 52665, 52679, 52693, 52707, 52721, 52735, 52749, 52763, 52777, 52790, 52804, 52818, 52832, 52846, 52860, 52874, 52888, 52902, 52916, 52930, 52944, 52958, 52972, 52985, 52999, 53013, 53027, 53041, 53055, 53069, 53083, 53097], "Stress": [0.0, 0.00021255844099554722, 0.002338073559903897, -0.00021255366525352315, 0.001062773718235821, -0.0010627813354573412, 0.002125532373200123, 0.0021255539410640623, -0.0017004587638780322, 0.0027632454913018023, 0.000637670085076536, 0.0014878817676717837, 0.0059514844142447565, 0.015287199949915564, 1.8571294323163965, 5.638786782664871, 7.697821148793899, 8.816578884729296, 9.201391869034001, 9.117577400507535, 8.795992944128145, 8.389261616128142, 8.021391250908636, 7.670389124498779, 7.4159362750786855, 7.135396064020352, 6.952079011446719, 6.7653581731597905, 6.625031358647961, 6.5089708337854, 6.382962063820599, 6.306379235180319, 6.194392942029551, 6.130863128565284, 6.042473291915937, 5.985655351091307, 5.9143241367934785, 5.865189983459924, 5.815592895559194, 5.759621956801335, 5.731641002862889, 5.674110450630701, 5.644838792621444, 5.595227234153828, 5.562114509043598, 5.522153728175792, 5.495024029686697, 5.462585929363956, 5.4301465004075045, 5.409956346371974], "Strain": [0.0, -5.153939770112794e-06, 2.4481576666830747e-05, 1.731421092305345e-05, 1.224071341489099e-05, 5.0734354051551265e-06, 1.9327510718702257e-05, 9.180521014130179e-06, 0.0, 0.0, 3.0601643067920968e-06, 1.3207091908098822e-05, 2.037442821446163e-05, 0.0011067794281625334, 0.00478706039759383, 0.008471596040276436, 0.012968939068833353, 0.01755085133190997, 0.022115322390001763, 0.026895523737641466, 0.031148388742097008, 0.035976327854117175, 0.04018742119304111, 0.04480972661759435, 0.049266011840923225, 0.05383478849926272, 0.058377066994249986, 0.06320382496079466, 0.06777913403838776, 0.07202135699895075, 0.07669231863792937, 0.08130212601792722, 0.0861455884356215, 0.09058166563705161, 0.09511039639428416, 0.09981285848086237, 0.1044470647287069, 0.1089618490872637, 0.11370957483902894, 0.11824580171960412, 0.12285341742143362, 0.12728432732518544, 0.13225856815491724, 0.13702019897126175, 0.1417294466998318, 0.1466155679729368, 0.15107505654070005, 0.15589761130904162, 0.16078779734428147, 0.16564546538225622], "Stress Peak": 9.201391869034001, "Stress Flow": 5.568649130771823, "Strain Rate Peak": 0.00021998725815112533, "Strain Rate Flow": 0.0002881956420954066, "Regime": "GBS", "Notes": " Fast rte for the constant rate experiments"}