{"Experiment": 33, "L0": 1.98, "Strain Rate Exp": "2.02e10-04", "Grain Size": "Standard", "Temperature Exp": 262, "Pressure Exp": NaN, "Temperature": [263.7269, 263.7256, 263.7226, 263.7218, 263.7178, 263.7206, 263.718, 263.7184, 263.7174, 263.7181, 263.7208, 263.7204, 263.7242, 263.7278, 263.7325, 263.738, 263.739, 263.7467, 263.7487, 263.7529, 263.7569, 263.7601, 263.7659, 263.768, 263.7685, 263.7707, 263.7671, 263.7707, 263.7694, 263.7687, 263.7664, 263.7658, 263.7632, 263.7609, 263.758, 263.7557, 263.7573, 263.7561, 263.7557, 263.7548, 263.7561, 263.7561, 263.7541, 263.758, 263.7551, 263.757, 263.7586, 263.76, 263.7573, 263.7574, 263.7574, 263.7551, 263.7558, 263.7536, 263.7516, 263.7487, 263.7254, 263.7431, 263.7232, 263.7207, 263.7184, 263.7178, 263.7196, 263.7173, 263.7196, 263.7236, 263.7209, 263.7464, 263.7471, 263.7497, 263.7483, 263.7537], "Internal Load": [0.020153, 0.019731, 0.019787, 0.019776, 0.019666, 0.019696, 0.01966, 0.019511, 0.019558, 0.020414, 0.026152, 0.040136, 0.048407, 0.052839, 0.056561, 0.059069, 0.060689, 0.061302, 0.06108, 0.060439, 0.059491, 0.05844, 0.057601, 0.056549, 0.055669, 0.054986, 0.054143, 0.053534, 0.052966, 0.052347, 0.051848, 0.051397, 0.05087, 0.0505, 0.050164, 0.049746, 0.049486, 0.049229, 0.0489, 0.048738, 0.048458, 0.048245, 0.048157, 0.047879, 0.047702, 0.04768, 0.047466, 0.04739, 0.047298, 0.047175, 0.047096, 0.04709, 0.046945, 0.046912, 0.046897, 0.046825, 0.046847, 0.046751, 0.046738, 0.04679, 0.046699, 0.046693, 0.046771, 0.046751, 0.046712, 0.046797, 0.046698, 0.046732, 0.046807, 0.046758, 0.046792, 0.046855], "Displacement": [45203, 45217, 45231, 45245, 45259, 45273, 45287, 45301, 45315, 45329, 45343, 45357, 45371, 45385, 45399, 45413, 45427, 45441, 45455, 45469, 45483, 45497, 45511, 45525, 45539, 45553, 45567, 45581, 45595, 45609, 45623, 45637, 45651, 45665, 45679, 45693, 45707, 45721, 45735, 45749, 45763, 45777, 45791, 45805, 45820, 45834, 45848, 45862, 45876, 45890, 45904, 45917, 45931, 45945, 45959, 45973, 45987, 46001, 46015, 46029, 46043, 46057, 46071, 46085, 46099, 46112, 46126, 46140, 46154, 46168, 46182, 46196], "Seconds": [45203, 45217, 45231, 45245, 45259, 45273, 45287, 45301, 45315, 45329, 45343, 45357, 45371, 45385, 45399, 45413, 45427, 45441, 45455, 45469, 45483, 45497, 45511, 45525, 45539, 45553, 45567, 45581, 45595, 45609, 45623, 45637, 45651, 45665, 45679, 45693, 45707, 45721, 45735, 45749, 45763, 45777, 45791, 45805, 45820, 45834, 45848, 45862, 45876, 45890, 45904, 45917, 45931, 45945, 45959, 45973, 45987, 46001, 46015, 46029, 46043, 46057, 46071, 46085, 46099, 46112, 46126, 46140, 46154, 46168, 46182, 46196], "Stress": [0.0, -0.08996217006560592, -0.07800538010534286, -0.08040420952318783, -0.10382254329870388, -0.0974181606324942, -0.10509936528903818, -0.1368374910683121, -0.126650286620003, 0.055395806967167616, 1.2688323947338143, 4.214713140213544, 5.941504418337261, 6.852054567882227, 7.60776068534532, 8.1053450440664, 8.416153145765117, 8.519423622190839, 8.445351271431726, 8.284359906755569, 8.062268494086887, 7.823704022037295, 7.627151720784544, 7.389545169104912, 7.187005684147092, 7.0247735321223885, 6.834083555906599, 6.690547312864445, 6.553914324790613, 6.411814664464681, 6.292024361799276, 6.180982902105638, 6.057019793454475, 5.964943835469927, 5.878876509056738, 5.778090595687667, 5.708416360490562, 5.639917284557681, 5.5574960770408, 5.50839103663277, 5.436063805508674, 5.377637445143897, 5.342824707579826, 5.27292169260191, 5.221116132741036, 5.19997208626306, 5.141577323623908, 5.111028038697686, 5.077702498723754, 5.0385610614561696, 5.007147683473981, 4.989334076184493, 4.945843503198412, 4.921984801559402, 4.9033702618963275, 4.873921502753797, 4.86266392496953, 4.8283592142785965, 4.8104554563639175, 4.80335845627333, 4.771984453843574, 4.753488223986325, 4.7525036579105, 4.732568763271004, 4.710143406927623, 4.709620855849506, 4.675220666041927, 4.665321051187826, 4.6632242985725245, 4.63931891012494, 4.6288335103423295, 4.623203519378663], "Strain": [0.0, -0.002927401244444327, -0.002687932538125394, -0.003364810538991107, -0.002962470129742615, -0.0028727224253522043, -0.0029405306263159065, -0.002749187387585267, -0.0014116999058593897, 0.0014730370279444824, 0.004952219390402928, 0.0077569139310557375, 0.010729204182679534, 0.01385484153261185, 0.017076195706032117, 0.02033828515857325, 0.02349414944693173, 0.026307470996871134, 0.029630381437061697, 0.03309115953649974, 0.0364525391106745, 0.03940884453938581, 0.042695362504350624, 0.04584922631515524, 0.04916520387212118, 0.05257877011401507, 0.05560051766975658, 0.05874772853815577, 0.062218834422324655, 0.06509430401687262, 0.06833261675957698, 0.0718065873576165, 0.07505488548385927, 0.07825456008752986, 0.08165484143788637, 0.08492109961616441, 0.08822805591221534, 0.09150022615944169, 0.0948422870831982, 0.09806606614526003, 0.10143976776514196, 0.10469223124305276, 0.10804940662294296, 0.11124252539398154, 0.114711573809015, 0.11797061772038976, 0.12145940871353712, 0.12463231141612795, 0.12779050618091195, 0.13098734547866453, 0.13431362912376896, 0.13765489109616225, 0.14101234205820198, 0.14461553532953578, 0.14784390596374758, 0.15117201031889702, 0.15430893468054685, 0.1577858563096527, 0.1610119119295575, 0.16444240915589423, 0.16757336484089794, 0.17123085150645878, 0.174372647683796, 0.1778244250663773, 0.18110685248240846, 0.1844131115401238, 0.18802157719744805, 0.19142131119252637, 0.1946886487950352, 0.19798813327629056, 0.20152794676621258, 0.2051071357846648], "Stress Peak": 8.519423622190839, "Stress Flow": 4.686306124469798, "Strain Rate Peak": 0.00011622666816855684, "Strain Rate Flow": 0.00012615708866594376, "Regime": "DC", "Notes": "Very fast rate for the constant rate experiments"}