{"Experiment": 4, "L0": 2.1, "Strain Rate Exp": 3.81e-05, "Grain Size": "Standard", "Temperature Exp": 264, "Pressure Exp": 10, "Temperature": [263.985, 263.9849, 263.9856, 263.9823, 263.9836, 263.9833, 263.9816, 263.9809, 263.9793, 263.976, 263.9747, 263.9705, 263.9727, 263.9656, 263.9646, 263.9617, 263.9614, 263.9562, 263.9556, 263.952, 263.9497, 263.9452, 263.9468, 263.9399, 263.9367, 263.936, 263.9317, 263.9297, 263.9281, 263.9281, 263.9264, 263.9248, 263.9287, 263.9234, 263.9254, 263.926, 263.9254, 263.9261, 263.9251, 263.9265], "Internal Load": [0.010388, 0.041076, 0.05265, 0.05661, 0.056246, 0.054132, 0.051935, 0.050051, 0.048273, 0.046925, 0.045872, 0.044947, 0.044159, 0.043573, 0.043133, 0.042622, 0.042307, 0.0421, 0.041811, 0.041693, 0.041557, 0.041371, 0.041208, 0.041266, 0.041165, 0.04112, 0.041129, 0.041295, 0.04119, 0.041229, 0.041319, 0.041313, 0.041402, 0.04149, 0.041684, 0.041581, 0.041734, 0.041896, 0.041925, 0.042016], "Displacement": [56552, 56567, 56581, 56595, 56609, 56623, 56637, 56651, 56665, 56679, 56693, 56707, 56721, 56735, 56749, 56763, 56777, 56791, 56805, 56819, 56833, 56847, 56861, 56875, 56889, 56903, 56917, 56931, 56945, 56959, 56973, 56987, 57001, 57015, 57029, 57043, 57057, 57071, 57085, 57099], "Seconds": [56552, 56567, 56581, 56595, 56609, 56623, 56637, 56651, 56665, 56679, 56693, 56707, 56721, 56735, 56749, 56763, 56777, 56791, 56805, 56819, 56833, 56847, 56861, 56875, 56889, 56903, 56917, 56931, 56945, 56959, 56973, 56987, 57001, 57015, 57029, 57043, 57057, 57071, 57085, 57099], "Stress": [0.0, 6.503274931418716, 8.919305746211055, 9.717284856228972, 9.579466845988183, 9.078233460031193, 8.56606358219905, 8.12739451827566, 7.714779164844499, 7.3909731124057, 7.13240621125527, 6.903421348557708, 6.705021599684354, 6.547213742864294, 6.419010075549547, 6.27846597560052, 6.179280292833392, 6.100568574373724, 6.005104374346772, 5.945780879088487, 5.880412067351989, 5.806221941409612, 5.740935835814888, 5.713446027053057, 5.658002660554741, 5.613623010033542, 5.577683899483252, 5.571945661230325, 5.517010430123107, 5.489333467204963, 5.468978393312368, 5.431319154845835, 5.413504651810475, 5.392323460788695, 5.39156919709999, 5.337780017061539, 5.329958321920136, 5.322868473857684, 5.292489529279623, 5.2719088469159985], "Strain": [0.0, 0.0030223471600059754, 0.007126758804984787, 0.011006165630157671, 0.017384261955221768, 0.023931373797108923, 0.030473548819749303, 0.036634902538001106, 0.04287392818783336, 0.049522573941000236, 0.05588977021121038, 0.06210740608448234, 0.06820224196379775, 0.07451492430136179, 0.08094290077778223, 0.08735265094163627, 0.0934561706333952, 0.09976971647917571, 0.10638680631502664, 0.11255249119960446, 0.11925370627854372, 0.12596510996233032, 0.1319981293321754, 0.13867814130524855, 0.14515324874649493, 0.15156466715885997, 0.15828018411670858, 0.16469492578803774, 0.17120003218615099, 0.17749466804473293, 0.18412361772513686, 0.19083940964102294, 0.1969985564562799, 0.20375229905064238, 0.21011035419548804, 0.2168404053581622, 0.22319978269278307, 0.22968567106205975, 0.23632924816283662, 0.24310683127755234], "Stress Peak": 9.717284856228972, "Stress Flow": 5.375643466664038, "Strain Rate Peak": 0.00044509594287644186, "Strain Rate Flow": 0.0004658373164945793, "Regime": NaN}