{"Experiment": 5, "L0": 2.62, "Strain Rate Exp": 9.16e-05, "Grain Size": "Standard", "Temperature Exp": 264, "Pressure Exp": 10, "Temperature": [264.2113, 264.2139, 264.2146, 264.2142, 264.2162, 264.2162, 264.22, 264.2215, 264.2237, 264.2303, 264.2313, 264.2353, 264.2373, 264.2378, 264.2428, 264.2466, 264.2477, 264.2491, 264.2505, 264.2533, 264.2535, 264.2593, 264.2588, 264.2632, 264.2678, 264.2674, 264.2703, 264.2752, 264.2773, 264.2772, 264.2818, 264.2857, 264.2855, 264.2961, 264.2949, 264.3009, 264.3031, 264.3062, 264.31, 264.3092, 264.3136, 264.3169, 264.3163, 264.3185, 264.32, 264.3232, 264.325, 264.3312, 264.3314, 264.3367, 264.3403, 264.3436, 264.3453, 264.3496, 264.3527, 264.3551, 264.3564, 264.3582, 264.3578, 264.3641, 264.3632, 264.3668, 264.3675, 264.3717, 264.3714, 264.3756, 264.3763, 264.3792, 264.38, 264.3849, 264.3846, 264.3858, 264.3909, 264.3924, 264.3983, 264.4, 264.4073, 264.4077, 264.4132, 264.4164, 264.4194, 264.4244, 264.4272, 264.4321, 264.432, 264.4359, 264.4399, 264.4384, 264.4439, 264.445, 264.449, 264.4538, 264.4533, 264.4588, 264.4608, 264.4647, 264.4673, 264.4699, 264.4716, 264.4733, 264.4777, 264.4819, 264.4811, 264.4831, 264.4883, 264.4919, 264.4926, 264.5002, 264.5044, 264.5067, 264.5107, 264.5161, 264.5148, 264.5193, 264.5253, 264.5282, 264.5282, 264.5321, 264.534, 264.5314, 264.535, 264.5379, 264.5383, 264.5405, 264.5429, 264.5438, 264.5445, 264.549], "Internal Load": [0.004753, 0.004793, 0.004741, 0.004798, 0.004771, 0.012395, 0.019837, 0.025526, 0.029176, 0.031503, 0.033519, 0.035224, 0.036642, 0.037874, 0.038812, 0.03948, 0.039812, 0.039846, 0.039844, 0.039807, 0.039657, 0.039523, 0.039366, 0.039186, 0.038968, 0.038678, 0.038328, 0.038104, 0.037801, 0.037377, 0.036896, 0.036509, 0.036189, 0.0359, 0.035576, 0.0353, 0.035049, 0.034896, 0.034731, 0.034478, 0.034148, 0.03383, 0.033598, 0.033342, 0.033131, 0.032879, 0.032734, 0.032627, 0.032553, 0.032404, 0.032206, 0.03199, 0.031888, 0.031725, 0.031532, 0.03144, 0.031336, 0.031302, 0.031233, 0.031115, 0.030977, 0.030881, 0.030739, 0.030506, 0.030193, 0.029994, 0.029865, 0.02973, 0.029598, 0.02956, 0.029468, 0.029532, 0.029457, 0.029447, 0.029437, 0.02938, 0.029354, 0.029327, 0.029089, 0.029045, 0.028962, 0.028987, 0.02891, 0.028835, 0.028758, 0.028754, 0.028763, 0.028682, 0.028589, 0.028514, 0.028465, 0.028396, 0.028429, 0.028407, 0.028401, 0.028446, 0.028421, 0.028313, 0.02819, 0.028158, 0.028142, 0.028081, 0.028107, 0.028072, 0.028056, 0.028022, 0.027986, 0.027899, 0.027977, 0.027933, 0.027935, 0.027998, 0.027944, 0.027957, 0.027961, 0.027948, 0.027952, 0.027945, 0.027949, 0.027972, 0.027892, 0.027876, 0.027782, 0.027814, 0.02787, 0.027775, 0.027752, 0.027768], "Displacement": [53213, 53227, 53241, 53255, 53269, 53283, 53297, 53311, 53325, 53339, 53353, 53367, 53381, 53395, 53409, 53423, 53437, 53451, 53465, 53479, 53493, 53507, 53521, 53535, 53549, 53563, 53577, 53591, 53605, 53619, 53633, 53647, 53661, 53675, 53689, 53703, 53717, 53731, 53745, 53759, 53773, 53787, 53801, 53815, 53829, 53843, 53857, 53871, 53885, 53899, 53913, 53927, 53941, 53955, 53969, 53983, 53997, 54011, 54025, 54039, 54053, 54067, 54081, 54095, 54109, 54123, 54137, 54151, 54165, 54179, 54193, 54207, 54221, 54235, 54249, 54263, 54277, 54291, 54305, 54319, 54333, 54347, 54361, 54375, 54389, 54402, 54416, 54430, 54444, 54458, 54472, 54486, 54500, 54514, 54528, 54542, 54556, 54570, 54584, 54597, 54611, 54625, 54639, 54653, 54667, 54681, 54695, 54709, 54723, 54737, 54751, 54765, 54779, 54792, 54806, 54820, 54834, 54848, 54862, 54876, 54890, 54904, 54918, 54932, 54946, 54960, 54973, 54987], "Seconds": [53213, 53227, 53241, 53255, 53269, 53283, 53297, 53311, 53325, 53339, 53353, 53367, 53381, 53395, 53409, 53423, 53437, 53451, 53465, 53479, 53493, 53507, 53521, 53535, 53549, 53563, 53577, 53591, 53605, 53619, 53633, 53647, 53661, 53675, 53689, 53703, 53717, 53731, 53745, 53759, 53773, 53787, 53801, 53815, 53829, 53843, 53857, 53871, 53885, 53899, 53913, 53927, 53941, 53955, 53969, 53983, 53997, 54011, 54025, 54039, 54053, 54067, 54081, 54095, 54109, 54123, 54137, 54151, 54165, 54179, 54193, 54207, 54221, 54235, 54249, 54263, 54277, 54291, 54305, 54319, 54333, 54347, 54361, 54375, 54389, 54402, 54416, 54430, 54444, 54458, 54472, 54486, 54500, 54514, 54528, 54542, 54556, 54570, 54584, 54597, 54611, 54625, 54639, 54653, 54667, 54681, 54695, 54709, 54723, 54737, 54751, 54765, 54779, 54792, 54806, 54820, 54834, 54848, 54862, 54876, 54890, 54904, 54918, 54932, 54946, 54960, 54973, 54987], "Stress": [0.0, 0.008500045547871204, -0.002550037043268061, 0.009562464196676279, 0.003822026911048937, 1.6206148499308342, 3.195135572807029, 4.393519990271139, 5.158766486439861, 5.642898831174628, 6.059131642028217, 6.409814459285494, 6.698230738172431, 6.946973435512037, 7.1336152499782175, 7.262311971141496, 7.322377828220229, 7.318621922008152, 7.307125662365147, 7.288594518791862, 7.247419306755071, 7.210902701734168, 7.168073374467468, 7.121060087064254, 7.064992648186049, 6.995278635503098, 6.913609024712601, 6.857823929754738, 6.785487149613303, 6.689636644100639, 6.582460620133471, 6.49207979264018, 6.417444118666956, 6.349688615826715, 6.273721257928864, 6.20851305682823, 6.148744987269148, 6.109360408394768, 6.066316231991643, 6.006399603507357, 5.931411151944826, 5.858868194344689, 5.804223677567597, 5.743629459386847, 5.693764389157152, 5.633916686672013, 5.59636760149781, 5.566490678494929, 5.543783161287888, 5.506796745148662, 5.458319617042487, 5.4088137175920155, 5.3802587054495, 5.340079802709818, 5.294229771677931, 5.2681565988875665, 5.240184201745828, 5.226049216609205, 5.204885811963048, 5.174450869967132, 5.139472290678335, 5.1143145462625785, 5.078901076531027, 5.027045713797097, 4.958498375921154, 4.913120798257217, 4.880237436707646, 4.847396621730917, 4.814814489598083, 4.800667191916244, 4.77558701582034, 4.780531828927466, 4.75984263254235, 4.751355067896757, 4.74241183600426, 4.725121613122392, 4.713614410926546, 4.701275457078058, 4.649059313712673, 4.633998568511805, 4.611754561348586, 4.610722866510772, 4.588837933764719, 4.567462894582947, 4.546798107292004, 4.539490424868555, 4.534690952885559, 4.5136169236075565, 4.489321970031843, 4.4690130005019, 4.453751818803024, 4.434197944722411, 4.433692085528747, 4.423396043831206, 4.415928583821989, 4.417001534746984, 4.406415281412114, 4.380140210337336, 4.350393606388154, 4.338358836756805, 4.328342486802661, 4.31063817586213, 4.309204609546603, 4.296037653085675, 4.287415974796226, 4.274613314845846, 4.261630740528641, 4.240256855701281, 4.248793448430329, 4.2346545040144346, 4.22897078258135, 4.233833218231858, 4.217999492534901, 4.214653006684848, 4.208943541152445, 4.200133159686186, 4.195233321956889, 4.187535896751834, 4.181780589358409, 4.179656000244172, 4.1590991396837875, 4.150010626683893, 4.126960595486168, 4.126925772929436, 4.130687468103007, 4.107936252771137, 4.099115599692995, 4.095520104247772],